date,temperature,humidity,pressure,wind_speed,rain,storm
2021-01-02,6.4,80,1012.0,19.1,3.3,0
2021-01-03,2.25,89,1017.1,18.0,2.5,0
2021-01-04,3.35,84,1014.3,14.8,0.0,0
2021-01-05,1.1999999999999995,79,1013.0,11.2,0.0,0
2021-01-06,2.25,73,1014.9,24.8,0.0,0
2021-01-07,1.7000000000000002,63,1018.0,24.5,0.0,0
2021-01-08,-0.8000000000000003,63,1015.6,16.9,0.0,0
2021-01-09,-0.5,56,1011.7,20.9,0.0,0
2021-01-10,0.3000000000000002,60,1021.9,14.8,0.0,0
2021-01-11,-1.6,76,1025.2,3.2,0.0,0
2021-01-12,0.3500000000000001,75,1019.8,3.2,0.0,0
2021-01-13,0.8999999999999999,77,1016.2,4.7,0.0,0
2021-01-14,3.65,82,1010.9,3.6,0.0,0
2021-01-15,3.4,88,1014.3,20.9,1.5,0
2021-01-16,5.55,86,997.9,18.7,19.3,0
2021-01-17,4.15,59,1002.7,23.8,0.0,0
2021-01-18,4.2,63,1007.5,16.9,0.0,0
2021-01-19,1.6999999999999995,67,1017.0,12.2,0.0,0
2021-01-20,0.8999999999999999,62,1013.8,17.3,0.8,0
2021-01-21,-1.2999999999999998,63,1008.8,11.9,0.0,0
2021-01-22,3.1,59,1005.4,17.6,0.0,0
2021-01-23,-1.9,42,1016.0,29.2,0.0,0
2021-01-24,-3.0,43,1020.0,21.6,0.0,0
2021-01-25,-1.0500000000000005,48,1019.4,16.2,0.0,0
2021-01-26,0.6000000000000001,76,1015.0,13.0,2.8,0
2021-01-27,1.15,83,1014.4,18.0,0.5,0
2021-01-28,-3.0,56,1017.4,27.0,0.0,0
2021-01-29,-7.1000000000000005,47,1018.8,35.6,0.0,0
2021-01-30,-4.9,49,1024.7,17.6,0.0,0
2021-01-31,-5.699999999999999,60,1026.1,12.2,1.3,0
2021-02-01,-0.8,97,1009.6,40.0,17.5,0
2021-02-02,0.6000000000000001,93,995.2,28.1,1.8,0
2021-02-03,-0.2,78,998.7,19.8,0.8,0
2021-02-04,0.3000000000000002,64,1009.7,13.3,0.0,0
2021-02-05,2.0,81,1007.4,11.9,0.8,0
2021-02-06,1.6999999999999995,54,1016.8,16.9,0.0,0
2021-02-07,-0.2000000000000001,85,1015.1,15.8,7.4,0
2021-02-08,-6.05,68,1027.7,10.4,0.0,0
2021-02-09,-3.85,90,1024.0,10.8,0.3,0
2021-02-10,-2.7,65,1025.9,9.4,0.0,0
2021-02-11,-2.15,69,1024.5,14.0,4.3,0
2021-02-12,-4.65,46,1027.3,13.7,0.0,0
2021-02-13,-2.4,56,1025.9,16.6,0.0,0
2021-02-14,0.3,78,1023.2,12.6,0.0,0
2021-02-15,0.85,84,1021.9,15.5,0.3,0
2021-02-16,6.4,85,1006.2,22.7,18.0,0
2021-02-17,-1.2999999999999998,44,1026.2,18.7,0.0,0
2021-02-18,-3.2,78,1029.0,18.7,15.5,0
2021-02-19,-1.05,96,1019.3,18.4,5.1,0
2021-02-20,-1.05,72,1018.7,17.3,0.5,0
2021-02-21,-3.0,57,1031.0,11.9,0.0,0
2021-02-22,-0.25,84,1018.2,15.5,17.5,0
2021-02-23,2.55,79,1005.8,14.4,1.0,0
2021-02-24,5.85,70,1014.1,20.9,0.0,0
2021-02-25,4.2,48,1017.1,21.6,0.0,0
2021-02-26,1.6999999999999995,55,1030.4,7.9,0.0,0
2021-02-27,7.5,91,1022.6,16.9,10.7,0
2021-02-28,3.9,89,1023.1,11.2,5.6,0
2021-03-01,3.9,76,1005.9,21.6,8.1,0
2021-03-02,-3.0,37,1019.2,31.0,0.0,0
2021-03-03,3.4,48,1012.6,13.7,0.0,0
2021-03-04,2.55,52,1009.5,24.1,0.0,0
2021-03-05,-0.75,34,1011.3,28.1,0.0,0
2021-03-06,-1.0499999999999998,47,1017.9,19.8,0.0,0
2021-03-07,-0.25,49,1026.2,13.3,0.0,0
2021-03-08,0.3500000000000001,45,1029.6,14.8,0.0,0
2021-03-09,9.7,46,1026.9,17.6,0.0,0
2021-03-10,3.9,70,1032.8,13.0,0.0,0
2021-03-11,8.05,77,1024.2,15.1,0.0,0
2021-03-12,13.3,50,1018.1,17.6,0.0,0
2021-03-13,4.5,38,1022.1,23.0,0.0,0
2021-03-14,4.75,39,1015.5,28.4,0.0,0
2021-03-15,-1.9,30,1025.0,28.1,0.0,0
2021-03-16,-1.6,45,1026.1,9.0,0.0,0
2021-03-17,4.45,72,1021.6,7.2,0.0,0
2021-03-18,5.800000000000001,92,1014.1,15.5,13.5,0
2021-03-19,2.55,46,1020.2,25.9,3.3,0
2021-03-20,5.050000000000001,50,1033.2,9.0,0.0,0
2021-03-21,7.3,62,1033.5,6.8,0.0,0
2021-03-22,6.7,74,1029.3,9.4,0.0,0
2021-03-23,10.55,82,1025.3,11.2,0.0,0
2021-03-24,10.55,88,1021.6,16.2,13.2,0
2021-03-25,14.15,94,1017.2,10.8,4.1,0
2021-03-26,17.8,79,1008.7,27.7,0.3,0
2021-03-27,13.6,61,1019.5,15.1,0.0,0
2021-03-28,11.1,91,1009.0,20.5,26.7,1
2021-03-29,6.699999999999999,47,1012.7,28.1,0.0,0
2021-03-30,5.9,68,1028.8,14.4,0.0,0
2021-03-31,12.5,86,1019.9,20.5,30.5,1
2021-04-01,8.05,73,1009.0,28.1,1.5,0
2021-04-02,0.8999999999999999,44,1020.4,19.8,0.0,0
2021-04-03,3.95,47,1025.2,15.1,0.0,0
2021-04-04,8.05,55,1018.3,9.4,0.0,0
2021-04-05,13.3,50,1013.6,22.3,0.0,0
2021-04-06,10.85,49,1013.6,17.3,0.0,0
2021-04-07,12.2,65,1016.0,9.7,0.0,0
2021-04-08,13.1,68,1019.3,10.4,0.0,0
2021-04-09,8.6,91,1021.5,9.7,0.0,0
2021-04-10,12.5,88,1015.2,9.4,1.0,0
2021-04-11,11.4,98,1004.5,15.5,11.7,0
2021-04-12,9.45,84,1008.6,15.5,7.9,0
2021-04-13,11.7,70,1016.8,15.1,0.0,0
2021-04-14,11.95,74,1015.9,8.6,0.0,0
2021-04-15,8.899999999999999,98,1007.1,15.5,45.7,1
2021-04-16,8.049999999999999,79,1003.4,19.1,3.0,0
2021-04-17,8.35,62,1007.7,14.4,0.0,0
2021-04-18,12.8,62,1010.0,12.2,0.0,0
2021-04-19,12.25,72,1011.0,6.8,0.0,0
2021-04-20,12.25,70,1013.1,16.9,0.0,0
2021-04-21,9.45,78,1006.0,24.1,5.8,0
2021-04-22,5.0,42,1009.9,27.7,0.0,0
2021-04-23,10.0,38,1014.1,21.6,0.0,0
2021-04-24,12.8,48,1014.7,15.1,0.0,0
2021-04-25,12.2,81,1007.3,14.0,12.7,0
2021-04-26,10.3,42,1014.6,21.6,0.0,0
2021-04-27,10.3,49,1017.4,9.4,0.0,0
2021-04-28,16.35,72,1010.7,10.8,0.3,0
2021-04-29,16.1,88,1005.0,11.9,7.6,0
2021-04-30,14.2,56,997.3,31.3,0.0,0
2021-05-01,11.4,46,1009.6,24.5,0.0,0
2021-05-02,17.5,51,1008.2,16.9,0.0,0
2021-05-03,15.3,73,1010.6,10.8,6.4,0
2021-05-04,14.15,91,1007.5,13.3,6.6,0
2021-05-05,11.95,97,1006.5,9.7,4.1,0
2021-05-06,13.6,57,1012.4,16.9,0.0,0
2021-05-07,12.5,63,1012.6,14.8,0.0,0
2021-05-08,9.45,64,1011.9,8.6,0.0,0
2021-05-09,11.4,76,1015.6,14.0,14.0,0
2021-05-10,12.5,78,1011.4,14.4,1.0,0
2021-05-11,13.35,55,1016.3,17.3,0.0,0
2021-05-12,13.3,45,1020.3,18.7,0.0,0
2021-05-13,13.6,49,1022.1,12.6,0.0,0
2021-05-14,15.25,42,1022.3,12.6,0.0,0
2021-05-15,17.2,44,1023.5,11.9,0.0,0
2021-05-16,16.1,52,1024.2,8.6,0.0,0
2021-05-17,16.65,60,1025.1,9.4,0.0,0
2021-05-18,19.2,58,1024.8,16.2,0.0,0
2021-05-19,21.65,48,1025.5,13.0,0.0,0
2021-05-20,16.4,60,1032.0,6.8,0.0,0
2021-05-21,15.55,75,1031.9,10.8,0.0,0
2021-05-22,23.9,58,1020.9,10.8,0.0,0
2021-05-23,25.0,58,1013.4,18.7,0.0,0
2021-05-24,15.55,51,1025.0,17.6,0.0,0
2021-05-25,16.1,70,1023.8,18.0,0.0,0
2021-05-26,19.45,90,1016.4,18.7,2.5,0
2021-05-27,22.2,60,1013.4,17.3,1.5,0
2021-05-28,13.35,65,1016.5,20.5,39.4,1
2021-05-29,9.45,91,1016.0,27.4,28.7,1
2021-05-30,9.7,96,1020.1,20.5,25.9,1
2021-05-31,13.9,83,1021.7,13.7,0.0,0
2021-06-01,16.1,74,1024.1,10.8,0.0,0
2021-06-02,17.8,77,1023.7,10.1,0.0,0
2021-06-03,17.25,97,1017.8,12.2,3.0,0
2021-06-04,19.75,96,1013.2,13.7,4.8,0
2021-06-05,21.65,79,1013.1,10.8,0.0,0
2021-06-06,25.55,66,1017.0,13.7,0.0,0
2021-06-07,23.05,84,1018.9,13.7,0.0,0
2021-06-08,24.7,90,1017.3,9.4,0.5,0
2021-06-09,26.4,78,1014.9,9.4,0.0,0
2021-06-10,20.85,58,1016.5,17.3,0.0,0
2021-06-11,18.3,66,1015.3,11.9,0.3,0
2021-06-12,17.5,78,1011.6,8.6,0.0,0
2021-06-13,18.6,77,1013.4,11.5,0.0,0
2021-06-14,19.75,83,1011.2,13.0,0.5,0
2021-06-15,21.700000000000003,79,1007.2,10.8,0.0,0
2021-06-16,20.3,53,1010.3,17.6,0.0,0
2021-06-17,18.1,52,1014.8,12.2,0.0,0
2021-06-18,19.75,62,1015.2,16.6,0.0,0
2021-06-19,25.25,74,1008.6,16.2,7.4,0
2021-06-20,22.5,77,1009.5,13.0,0.0,0
2021-06-21,23.35,93,1006.5,17.3,0.0,0
2021-06-22,21.1,89,1006.4,12.6,23.1,1
2021-06-23,18.05,63,1021.1,12.6,0.0,0
2021-06-24,18.05,66,1028.0,11.9,0.3,0
2021-06-25,19.700000000000003,89,1025.6,13.7,0.0,0
2021-06-26,22.8,94,1024.0,17.3,0.0,0
2021-06-27,25.0,86,1022.2,20.5,0.0,0
2021-06-28,25.8,81,1022.9,20.5,0.0,0
2021-06-29,26.950000000000003,78,1021.7,16.9,0.0,0
2021-06-30,27.5,76,1015.3,16.9,0.8,0
2021-07-01,25.85,86,1010.8,7.9,22.4,1
2021-07-02,20.55,93,1007.5,13.7,4.6,0
2021-07-03,16.4,96,1009.0,15.1,11.7,0
2021-07-04,18.85,82,1012.8,4.7,0.0,0
2021-07-05,21.4,87,1017.4,13.7,0.0,0
2021-07-06,25.25,82,1014.9,18.4,19.8,0
2021-07-07,26.65,80,1014.1,13.0,0.0,0
2021-07-08,24.2,90,1015.5,11.5,3.0,0
2021-07-09,25.55,87,1009.5,21.2,54.9,1
2021-07-10,23.9,84,1014.7,12.6,0.0,0
2021-07-11,22.8,90,1019.2,11.9,0.0,0
2021-07-12,24.450000000000003,92,1019.9,12.2,0.3,0
2021-07-13,21.4,94,1023.3,10.4,0.0,0
2021-07-14,25.3,90,1020.7,7.6,0.0,0
2021-07-15,26.1,79,1018.4,10.1,0.0,0
2021-07-16,27.5,82,1016.2,13.7,1.8,0
2021-07-17,27.25,87,1016.8,11.9,0.0,0
2021-07-18,25.55,82,1014.8,17.3,5.1,0
2021-07-19,24.15,77,1014.1,12.2,0.0,0
2021-07-20,25.0,78,1012.4,8.3,0.0,0
2021-07-21,24.700000000000003,79,1011.9,9.4,1.0,0
2021-07-22,22.5,65,1017.4,13.7,0.0,0
2021-07-23,23.05,62,1019.1,13.7,0.0,0
2021-07-24,22.5,69,1018.8,11.9,0.0,0
2021-07-25,23.05,86,1013.8,18.7,2.3,0
2021-07-26,26.15,72,1012.1,7.2,0.0,0
2021-07-27,25.3,61,1013.8,10.4,0.0,0
2021-07-28,23.6,76,1015.5,12.2,2.3,0
2021-07-29,21.95,85,1013.8,17.6,1.0,0
2021-07-30,24.15,64,1008.5,18.7,0.0,0
2021-07-31,18.6,59,1014.7,10.4,0.0,0
2021-08-01,20.3,72,1012.8,11.5,0.0,0
2021-08-02,22.2,63,1013.6,12.2,0.0,0
2021-08-03,21.7,65,1019.4,5.0,0.0,0
2021-08-04,20.55,80,1020.0,9.0,1.3,0
2021-08-05,21.950000000000003,89,1018.6,12.2,0.0,0
2021-08-06,23.3,78,1020.7,9.7,0.0,0
2021-08-07,24.7,75,1018.5,13.7,0.0,0
2021-08-08,21.1,92,1018.2,12.6,45.5,1
2021-08-09,22.25,96,1019.9,7.9,8.1,0
2021-08-10,23.05,92,1020.4,10.8,0.5,0
2021-08-11,26.1,86,1016.8,15.1,2.5,0
2021-08-12,28.05,76,1015.5,15.1,0.0,0
2021-08-13,28.05,74,1016.6,9.4,0.0,0
2021-08-14,28.35,68,1017.5,12.6,0.0,0
2021-08-15,24.450000000000003,57,1021.8,11.5,0.0,0
2021-08-16,23.05,72,1022.7,7.6,0.0,0
2021-08-17,23.05,73,1023.0,11.2,0.0,0
2021-08-18,23.65,86,1022.4,13.0,0.0,0
2021-08-19,26.65,84,1013.9,20.9,0.0,0
2021-08-20,25.55,77,1012.1,9.4,0.0,0
2021-08-21,25.0,87,1013.1,11.2,6.1,0
2021-08-22,22.75,96,1008.5,21.6,37.3,1
2021-08-23,24.45,93,1008.7,18.0,16.0,0
2021-08-24,26.4,75,1013.4,10.8,0.0,0
2021-08-25,27.2,73,1018.7,7.9,0.0,0
2021-08-26,28.3,79,1019.1,10.4,0.0,0
2021-08-27,29.15,78,1018.4,6.5,0.0,0
2021-08-28,22.25,79,1023.5,16.6,51.1,1
2021-08-29,21.950000000000003,88,1021.8,9.4,0.0,0
2021-08-30,24.450000000000003,91,1012.5,11.9,0.0,0
2021-08-31,26.1,73,1008.6,6.1,0.0,0
2021-09-01,22.5,92,1007.4,15.5,38.9,1
2021-09-02,20.55,68,1008.2,25.9,27.9,1
2021-09-03,18.9,66,1016.2,12.6,0.0,0
2021-09-04,19.700000000000003,71,1015.8,11.2,0.0,0
2021-09-05,20.55,88,1011.5,14.4,2.0,0
2021-09-06,23.6,71,1009.4,13.0,0.0,0
2021-09-07,21.15,67,1014.4,11.2,0.0,0
2021-09-08,23.35,84,1011.9,19.4,0.0,0
2021-09-09,21.65,95,1008.3,8.6,10.9,0
2021-09-10,19.45,68,1011.7,16.9,0.0,0
2021-09-11,18.3,70,1021.0,12.6,0.0,0
2021-09-12,22.75,76,1018.4,19.8,0.0,0
2021-09-13,25.0,69,1016.0,14.8,1.3,0
2021-09-14,21.950000000000003,78,1017.8,10.8,0.0,0
2021-09-15,24.7,88,1015.7,19.8,0.0,0
2021-09-16,23.9,80,1021.6,14.8,0.0,0
2021-09-17,21.95,92,1022.6,15.5,0.5,0
2021-09-18,24.45,78,1017.1,12.2,0.0,0
2021-09-19,19.4,67,1020.4,13.3,0.0,0
2021-09-20,18.9,77,1027.1,8.3,0.0,0
2021-09-21,19.200000000000003,80,1026.9,10.1,0.0,0
2021-09-22,23.9,89,1019.8,18.7,0.0,0
2021-09-23,23.6,89,1015.4,24.5,17.8,0
2021-09-24,18.05,82,1016.7,8.6,31.2,1
2021-09-25,18.6,75,1015.6,4.0,0.0,0
2021-09-26,18.6,64,1011.9,15.1,0.0,0
2021-09-27,19.15,63,1013.8,17.3,0.0,0
2021-09-28,20.55,77,1010.3,13.7,2.0,0
2021-09-29,16.4,60,1014.5,15.5,0.0,0
2021-09-30,15.55,64,1018.8,12.6,0.0,0
2021-10-01,14.7,66,1022.8,10.8,0.0,0
2021-10-02,16.4,76,1020.0,10.1,0.0,0
2021-10-03,19.15,86,1015.1,10.1,0.0,0
2021-10-04,18.65,97,1014.9,11.5,0.8,0
2021-10-05,16.65,87,1023.2,13.7,0.0,0
2021-10-06,18.3,74,1027.5,6.8,0.0,0
2021-10-07,18.05,85,1024.8,4.7,0.0,0
2021-10-08,19.15,84,1021.1,7.2,0.0,0
2021-10-09,17.5,80,1023.5,18.4,0.0,0
2021-10-10,17.5,90,1021.2,19.8,2.8,0
2021-10-11,18.85,83,1018.2,18.4,0.0,0
2021-10-12,17.8,86,1019.2,7.2,0.0,0
2021-10-13,17.25,87,1016.7,5.8,0.0,0
2021-10-14,20.85,80,1013.2,11.5,0.0,0
2021-10-15,20.3,84,1013.0,8.3,0.0,0
2021-10-16,18.85,85,1007.8,20.5,2.8,0
2021-10-17,14.75,72,1008.1,17.6,0.5,0
2021-10-18,12.2,66,1010.6,18.4,0.0,0
2021-10-19,12.5,60,1014.2,16.9,0.0,0
2021-10-20,17.5,62,1015.2,12.6,0.0,0
2021-10-21,16.7,76,1014.7,13.3,0.0,0
2021-10-22,18.05,72,1011.2,13.3,0.0,0
2021-10-23,13.05,63,1014.4,11.2,1.0,0
2021-10-24,10.85,74,1020.4,6.5,0.5,0
2021-10-25,18.3,89,1013.9,14.8,0.5,0
2021-10-26,15.25,97,997.8,24.1,113.5,1
2021-10-27,12.8,80,1003.0,30.2,16.8,0
2021-10-28,10.55,75,1014.1,10.8,0.0,0
2021-10-29,10.3,75,1011.5,22.0,12.4,0
2021-10-30,14.7,96,1003.6,11.9,19.0,0
2021-10-31,15.3,85,1001.9,14.4,2.3,0
2021-11-01,11.15,66,1016.5,12.2,0.0,0
2021-11-02,9.75,71,1021.8,6.8,0.0,0
2021-11-03,7.199999999999999,65,1023.5,9.7,0.0,0
2021-11-04,6.4,67,1026.2,6.8,0.0,0
2021-11-05,6.4,63,1026.8,11.2,0.0,0
2021-11-06,5.85,70,1028.6,4.3,0.0,0
2021-11-07,6.1,71,1021.6,6.8,0.0,0
2021-11-08,12.2,59,1019.2,10.4,0.0,0
2021-11-09,12.5,73,1018.0,4.7,0.0,0
2021-11-10,11.65,67,1018.4,10.4,0.0,0
2021-11-11,8.9,71,1025.2,15.5,0.0,0
2021-11-12,12.8,88,1014.9,20.9,4.8,0
2021-11-13,10.3,82,1008.8,16.9,3.0,0
2021-11-14,5.55,68,1012.0,13.7,0.8,0
2021-11-15,5.3,74,1009.8,15.1,0.0,0
2021-11-16,5.0,62,1019.8,12.2,0.0,0
2021-11-17,6.7,76,1024.6,9.4,0.0,0
2021-11-18,13.6,80,1016.0,20.5,0.5,0
2021-11-19,6.4,55,1023.3,20.2,1.5,0
2021-11-20,3.65,61,1033.0,6.8,0.0,0
2021-11-21,8.85,76,1023.6,8.6,0.0,0
2021-11-22,8.9,72,1011.2,18.7,3.0,0
2021-11-23,3.05,47,1015.6,22.3,0.0,0
2021-11-24,2.85,50,1024.8,18.4,0.0,0
2021-11-25,6.7,57,1015.9,7.9,0.0,0
2021-11-26,5.800000000000001,71,1003.2,20.5,4.3,0
2021-11-27,2.55,52,1009.5,27.0,0.0,0
2021-11-28,1.7,72,1011.7,4.7,0.0,0
2021-11-29,2.0,71,1011.9,15.1,0.0,0
2021-11-30,0.8999999999999999,71,1015.4,8.6,0.0,0
2021-12-01,5.85,62,1019.6,9.7,0.0,0
2021-12-02,9.7,77,1007.5,18.0,0.8,0
2021-12-03,5.25,50,1012.5,23.0,0.0,0
2021-12-04,3.9,65,1019.9,6.8,0.0,0
2021-12-05,4.5,53,1026.8,10.1,0.0,0
2021-12-06,11.65,90,1010.9,25.9,6.6,0
2021-12-07,4.15,50,1019.8,13.0,0.0,0
2021-12-08,2.5,84,1015.7,10.4,4.1,0
2021-12-09,1.45,67,1021.6,11.5,0.0,0
2021-12-10,6.65,75,1021.3,5.8,0.0,0
2021-12-11,10.6,97,1008.7,20.9,4.1,0
2021-12-12,7.8,44,1018.0,21.6,0.0,0
2021-12-13,6.1,43,1023.4,16.2,0.0,0
2021-12-14,5.05,56,1031.6,9.0,0.0,0
2021-12-15,5.3500000000000005,68,1034.1,11.9,0.3,0
2021-12-16,13.05,84,1017.7,21.6,0.0,0
2021-12-17,9.45,46,1017.2,14.8,0.0,0
2021-12-18,6.9,84,1017.4,9.4,1.8,0
2021-12-19,2.8000000000000003,71,1016.6,25.6,0.8,0
2021-12-20,-0.75,59,1025.5,9.4,0.0,0
2021-12-21,0.6499999999999999,71,1017.3,6.1,0.0,0
2021-12-22,4.75,69,1004.3,21.2,2.5,0
2021-12-23,0.0499999999999998,51,1019.8,13.7,0.0,0
2021-12-24,0.3499999999999998,87,1018.0,11.9,0.8,0
2021-12-25,4.45,98,1002.9,6.8,4.6,0
2021-12-26,5.55,71,1011.0,15.1,0.0,0
2021-12-27,1.95,69,1016.4,8.6,2.5,0
2021-12-28,5.3,80,1010.6,7.2,0.8,0
2021-12-29,5.550000000000001,96,1012.6,9.0,2.5,0
2021-12-30,8.05,97,1013.7,5.8,1.8,0
2021-12-31,8.6,98,1014.2,6.8,1.0,0
2022-01-01,10.3,100,1008.4,9.7,29.2,1
2022-01-02,8.6,92,1004.8,15.5,3.6,0
2022-01-03,-1.0500000000000005,56,1018.6,24.8,0.0,0
2022-01-04,-2.45,59,1027.7,12.6,0.0,0
2022-01-05,1.7000000000000002,94,1013.7,10.1,3.3,0
2022-01-06,2.5,63,1011.0,13.7,0.0,0
2022-01-07,-1.0499999999999998,69,1011.4,24.1,9.7,0
2022-01-08,-5.45,53,1032.6,16.9,0.0,0
2022-01-09,-1.3500000000000003,83,1022.1,16.6,5.3,0
2022-01-10,-0.25,51,1018.7,22.3,0.0,0
2022-01-11,-7.15,49,1030.5,19.4,0.0,0
2022-01-12,-2.7,62,1022.5,11.5,0.0,0
2022-01-13,2.5500000000000003,77,1015.0,5.0,0.0,0
2022-01-14,0.3500000000000001,69,1008.3,31.3,0.0,0
2022-01-15,-9.9,47,1023.4,29.2,0.0,0
2022-01-16,-4.1000000000000005,70,1023.8,16.2,5.3,0
2022-01-17,4.45,82,990.3,29.9,37.6,1
2022-01-18,-1.35,50,1010.9,30.2,0.0,0
2022-01-19,0.6000000000000001,71,1017.8,18.0,0.0,0
2022-01-20,0.3500000000000001,74,1020.4,18.4,8.4,0
2022-01-21,-6.550000000000001,54,1032.5,23.0,0.0,0
2022-01-22,-4.35,66,1026.0,10.8,0.0,0
2022-01-23,-2.75,59,1012.2,10.4,0.0,0
2022-01-24,0.05,77,1011.6,7.2,0.3,0
2022-01-25,1.15,65,1014.5,12.6,0.0,0
2022-01-26,-5.2,47,1026.8,16.6,0.0,0
2022-01-27,-6.6,59,1028.8,7.9,0.0,0
2022-01-28,-0.7500000000000001,71,1019.1,9.7,2.3,0
2022-01-29,-5.75,78,1003.1,40.0,31.5,1
2022-01-30,-9.3,51,1015.3,14.4,0.0,0
2022-01-31,-7.15,60,1027.5,3.6,0.0,0
2022-02-01,-4.699999999999999,74,1033.5,11.9,0.0,0
2022-02-02,2.3,92,1030.0,7.2,0.0,0
2022-02-03,6.1,99,1023.1,9.4,2.8,0
2022-02-04,3.95,97,1012.4,21.2,17.5,0
2022-02-05,-4.35,64,1023.9,24.8,0.0,0
2022-02-06,-5.75,63,1035.4,9.0,0.0,0
2022-02-07,1.15,95,1023.8,10.1,9.7,0
2022-02-08,3.65,78,1013.3,19.1,4.1,0
2022-02-09,0.3500000000000001,72,1017.3,10.1,0.0,0
2022-02-10,5.300000000000001,67,1011.9,11.9,0.0,0
2022-02-11,5.3,70,1014.9,15.8,0.0,0
2022-02-12,11.15,51,1014.3,18.4,0.0,0
2022-02-13,0.8999999999999999,86,1019.0,15.1,7.4,0
2022-02-14,-6.300000000000001,51,1020.7,23.4,0.0,0
2022-02-15,-5.75,49,1036.6,10.8,0.0,0
2022-02-16,-0.7500000000000004,76,1036.8,13.3,0.0,0
2022-02-17,10.0,85,1019.4,26.6,2.3,0
2022-02-18,4.800000000000001,65,1007.1,31.0,16.0,0
2022-02-19,-1.0499999999999998,53,1016.5,24.5,0.0,0
2022-02-20,-3.0,54,1029.1,18.4,0.0,0
2022-02-21,5.0,67,1027.2,12.2,0.0,0
2022-02-22,5.6,98,1023.2,16.9,11.4,0
2022-02-23,10.55,75,1015.8,21.2,0.0,0
2022-02-24,-0.8,50,1030.2,16.9,0.0,0
2022-02-25,1.15,82,1019.8,18.7,20.6,1
2022-02-26,-2.15,59,1027.8,16.2,0.0,0
2022-02-27,2.0000000000000004,48,1015.5,21.6,0.0,0
2022-02-28,-1.9,40,1023.3,16.2,0.0,0
2022-03-01,1.4499999999999995,65,1020.2,13.3,0.0,0
2022-03-02,6.65,65,1014.2,12.6,0.0,0
2022-03-03,1.7000000000000002,51,1017.2,24.8,2.0,0
2022-03-04,-3.5500000000000003,53,1032.2,11.5,0.0,0
2022-03-05,0.3500000000000001,64,1031.4,8.6,0.0,0
2022-03-06,10.0,94,1016.9,16.6,2.0,0
2022-03-07,12.25,84,1007.1,22.7,0.5,0
2022-03-08,6.7,46,1017.0,23.8,0.0,0
2022-03-09,2.25,89,1017.2,13.3,18.0,0
2022-03-10,3.35,83,1020.3,6.5,0.0,0
2022-03-11,3.95,81,1017.2,9.0,0.0,0
2022-03-12,2.0,84,997.0,26.6,15.2,0
2022-03-13,-1.9,50,1019.6,25.9,0.0,0
2022-03-14,6.15,55,1027.8,18.4,0.0,0
2022-03-15,9.4,66,1022.9,11.5,0.0,0
2022-03-16,9.15,79,1022.2,11.2,0.0,0
2022-03-17,9.7,99,1016.2,10.4,5.3,0
2022-03-18,13.9,90,1015.3,11.2,0.0,0
2022-03-19,11.7,93,1010.3,16.6,2.3,0
2022-03-20,11.4,69,1007.4,19.1,0.5,0
2022-03-21,10.85,44,1016.4,20.5,0.0,0
2022-03-22,9.15,31,1020.2,18.4,0.0,0
2022-03-23,4.75,49,1023.4,17.6,0.8,0
2022-03-24,6.65,98,1012.9,21.2,41.4,1
2022-03-25,10.25,75,1002.2,14.0,0.8,0
2022-03-26,8.3,70,998.2,12.6,7.4,0
2022-03-27,4.2,58,1002.7,23.0,0.0,0
2022-03-28,-2.1500000000000004,38,1011.7,29.9,0.0,0
2022-03-29,-0.8,41,1019.0,22.3,0.0,0
2022-03-30,1.7000000000000002,45,1021.5,13.0,0.0,0
2022-03-31,10.0,91,1007.0,28.1,5.1,0
2022-04-01,10.25,72,1002.1,23.0,1.0,0
2022-04-02,7.5,50,1016.0,19.4,0.0,0
2022-04-03,6.3500000000000005,84,1010.0,10.4,3.0,0
2022-04-04,7.800000000000001,58,1013.6,17.3,0.0,0
2022-04-05,6.1,66,1017.2,10.4,0.8,0
2022-04-06,8.6,94,1010.4,20.9,11.4,0
2022-04-07,8.9,93,1008.3,30.2,9.1,0
2022-04-08,13.35,73,1002.0,19.8,2.5,0
2022-04-09,10.85,69,1003.4,13.7,0.3,0
2022-04-10,8.05,56,1007.6,24.1,0.0,0
2022-04-11,8.35,54,1018.2,16.6,0.0,0
2022-04-12,14.7,67,1016.1,13.7,0.5,0
2022-04-13,12.5,75,1016.1,11.9,0.0,0
2022-04-14,17.5,78,1009.0,14.8,1.0,0
2022-04-15,13.05,44,1018.6,20.5,0.3,0
2022-04-16,11.65,65,1013.8,24.8,3.0,0
2022-04-17,6.4,55,1019.3,19.8,0.0,0
2022-04-18,5.85,61,1024.5,20.5,18.5,0
2022-04-19,8.35,69,1005.9,29.2,10.7,0
2022-04-20,8.85,49,1025.5,18.4,0.0,0
2022-04-21,8.05,78,1031.3,15.5,0.0,0
2022-04-22,13.1,52,1027.0,15.1,0.0,0
2022-04-23,10.6,56,1027.6,10.8,0.5,0
2022-04-24,10.25,60,1024.4,14.0,0.0,0
2022-04-25,10.3,51,1024.3,14.0,0.0,0
2022-04-26,12.8,88,1017.6,10.1,0.5,0
2022-04-27,9.7,53,1012.8,27.0,0.0,0
2022-04-28,8.9,34,1014.8,29.9,0.0,0
2022-04-29,10.0,24,1017.2,23.0,0.0,0
2022-04-30,11.95,36,1018.9,18.0,0.0,0
2022-05-01,10.85,56,1019.6,10.8,0.0,0
2022-05-02,11.4,91,1017.5,14.8,7.9,0
2022-05-03,11.65,84,1020.7,15.1,0.0,0
2022-05-04,13.85,92,1015.4,9.7,0.8,0
2022-05-05,16.15,67,1017.2,12.2,0.0,0
2022-05-06,12.25,89,1014.1,8.3,18.3,0
2022-05-07,8.35,90,1011.1,25.9,25.4,1
2022-05-08,10.3,50,1018.4,28.1,0.0,0
2022-05-09,13.35,32,1022.7,31.0,0.0,0
2022-05-10,15.0,28,1026.0,27.7,0.0,0
2022-05-11,17.5,55,1024.4,19.8,0.0,0
2022-05-12,17.5,83,1025.6,13.3,0.0,0
2022-05-13,18.85,93,1024.5,10.8,0.3,0
2022-05-14,19.7,94,1018.7,7.9,7.4,0
2022-05-15,18.6,92,1012.0,11.9,0.3,0
2022-05-16,18.05,90,1005.7,13.0,1.5,0
2022-05-17,19.200000000000003,53,1007.3,22.0,0.0,0
2022-05-18,16.95,54,1013.4,15.5,0.0,0
2022-05-19,13.9,92,1008.8,10.4,24.1,1
2022-05-20,15.0,95,1014.2,11.2,9.9,0
2022-05-21,23.6,82,1015.9,9.7,0.0,0
2022-05-22,23.6,79,1015.9,13.3,4.8,0
2022-05-23,19.45,59,1020.7,17.6,0.0,0
2022-05-24,15.6,65,1025.5,13.3,0.0,0
2022-05-25,13.85,67,1028.4,10.8,0.0,0
2022-05-26,14.4,81,1024.7,13.7,0.8,0
2022-05-27,18.35,97,1014.2,17.3,0.5,0
2022-05-28,20.0,92,1007.9,13.0,5.8,0
2022-05-29,19.15,72,1017.2,10.8,0.0,0
2022-05-30,21.4,77,1018.9,13.7,0.0,0
2022-05-31,24.45,67,1014.2,16.2,0.0,0
2022-06-01,17.5,80,1014.2,14.8,8.1,0
2022-06-02,20.0,92,1007.7,9.7,3.8,0
2022-06-03,19.15,92,1008.1,9.4,0.5,0
2022-06-04,17.75,84,1011.4,10.8,0.0,0
2022-06-05,17.25,52,1015.2,9.7,0.0,0
2022-06-06,18.65,57,1017.2,10.8,0.0,0
2022-06-07,18.6,74,1017.4,21.2,0.0,0
2022-06-08,23.35,82,1011.6,14.8,3.3,0
2022-06-09,24.15,72,1004.4,23.4,16.8,0
2022-06-10,20.55,62,1010.3,13.7,0.0,0
2022-06-11,21.1,70,1013.2,9.0,0.0,0
2022-06-12,19.45,86,1015.1,13.7,2.0,0
2022-06-13,23.6,82,1012.6,10.1,0.0,0
2022-06-14,22.5,58,1013.0,10.1,0.0,0
2022-06-15,21.1,71,1018.9,14.8,0.0,0
2022-06-16,19.700000000000003,78,1020.0,17.3,0.8,0
2022-06-17,26.4,68,1006.2,18.4,0.0,0
2022-06-18,16.95,58,1005.6,22.0,2.3,0
2022-06-19,17.5,51,1013.2,22.3,0.0,0
2022-06-20,18.9,53,1019.0,13.7,0.0,0
2022-06-21,20.25,70,1019.6,7.6,0.3,0
2022-06-22,16.35,94,1017.8,11.5,19.8,0
2022-06-23,19.15,82,1015.5,13.7,0.0,0
2022-06-24,19.7,87,1016.6,10.1,0.0,0
2022-06-25,24.45,70,1018.9,8.3,0.0,0
2022-06-26,25.0,73,1018.8,14.8,0.0,0
2022-06-27,22.2,91,1014.9,16.6,13.7,0
2022-06-28,20.6,64,1020.2,13.0,0.0,0
2022-06-29,21.4,65,1022.8,11.9,0.0,0
2022-06-30,23.35,65,1021.4,11.2,0.0,0
2022-07-01,23.85,81,1017.1,19.4,0.0,0
2022-07-02,25.55,88,1013.2,14.8,8.1,0
2022-07-03,24.15,65,1016.0,9.4,0.0,0
2022-07-04,21.950000000000003,54,1020.0,13.3,0.0,0
2022-07-05,23.9,75,1016.3,19.1,0.0,0
2022-07-06,25.55,70,1010.6,14.8,0.0,0
2022-07-07,22.75,70,1015.9,13.3,0.0,0
2022-07-08,21.95,80,1015.9,8.6,0.0,0
2022-07-09,24.4,62,1016.5,12.6,0.0,0
2022-07-10,22.2,70,1017.6,12.2,0.0,0
2022-07-11,21.15,65,1014.2,14.4,0.0,0
2022-07-12,24.200000000000003,79,1008.8,23.4,0.0,0
2022-07-13,26.95,64,1011.4,12.2,0.0,0
2022-07-14,26.4,77,1014.5,7.6,3.0,0
2022-07-15,23.6,68,1020.1,10.8,0.0,0
2022-07-16,22.8,86,1019.1,9.0,2.0,0
2022-07-17,25.55,82,1016.8,10.1,0.0,0
2022-07-18,25.55,92,1012.5,18.4,2.0,0
2022-07-19,28.05,66,1007.7,16.9,0.0,0
2022-07-20,28.9,64,1007.6,14.8,0.0,0
2022-07-21,27.5,85,1005.3,15.5,14.5,0
2022-07-22,27.8,65,1011.1,9.7,0.0,0
2022-07-23,28.35,64,1015.6,10.8,0.0,0
2022-07-24,28.6,74,1015.6,17.3,0.0,0
2022-07-25,26.1,86,1012.2,20.2,0.3,0
2022-07-26,23.85,65,1015.0,10.8,0.0,0
2022-07-27,23.35,68,1013.9,11.5,0.0,0
2022-07-28,26.35,85,1010.7,12.2,0.5,0
2022-07-29,26.4,70,1012.1,12.6,0.0,0
2022-07-30,26.1,61,1016.1,12.2,1.8,0
2022-07-31,23.6,65,1020.6,11.2,0.0,0
2022-08-01,22.5,88,1014.4,8.3,7.4,0
2022-08-02,25.85,81,1010.1,12.6,0.0,0
2022-08-03,26.1,68,1015.0,11.2,0.0,0
2022-08-04,27.200000000000003,74,1017.5,14.8,0.0,0
2022-08-05,27.75,73,1020.0,12.2,0.0,0
2022-08-06,27.25,78,1022.6,17.3,0.0,0
2022-08-07,28.05,78,1020.8,22.7,0.0,0
2022-08-08,28.35,80,1016.0,22.0,0.0,0
2022-08-09,29.4,76,1013.0,16.2,0.0,0
2022-08-10,26.65,73,1016.3,12.2,0.0,0
2022-08-11,26.65,80,1012.4,9.4,1.5,0
2022-08-12,24.7,48,1014.9,16.2,0.0,0
2022-08-13,22.2,49,1018.0,11.5,0.0,0
2022-08-14,21.4,59,1017.8,9.0,0.0,0
2022-08-15,21.15,66,1015.9,8.3,0.0,0
2022-08-16,22.5,68,1015.9,14.8,0.0,0
2022-08-17,23.05,65,1015.1,10.8,3.6,0
2022-08-18,23.35,67,1012.6,11.2,0.0,0
2022-08-19,24.75,65,1017.7,11.9,0.0,0
2022-08-20,26.95,75,1020.9,10.4,0.0,0
2022-08-21,23.6,81,1019.8,9.4,0.0,0
2022-08-22,25.0,90,1013.3,7.2,0.8,0
2022-08-23,26.1,80,1009.7,13.3,0.0,0
2022-08-24,26.65,63,1013.8,13.3,0.0,0
2022-08-25,26.4,63,1016.5,12.2,0.0,0
2022-08-26,25.85,77,1013.8,14.8,3.8,0
2022-08-27,26.950000000000003,76,1015.5,10.1,0.0,0
2022-08-28,24.700000000000003,77,1020.9,13.7,0.0,0
2022-08-29,25.0,82,1019.5,12.6,0.0,0
2022-08-30,26.35,84,1012.5,17.6,0.0,0
2022-08-31,24.45,59,1008.6,14.8,0.0,0
2022-09-01,24.15,47,1013.4,15.8,0.0,0
2022-09-02,20.3,61,1023.3,10.4,0.0,0
2022-09-03,20.85,70,1024.2,8.6,0.0,0
2022-09-04,25.0,76,1019.7,11.2,0.0,0
2022-09-05,25.8,82,1018.6,10.4,0.0,0
2022-09-06,21.4,94,1016.2,13.7,17.0,0
2022-09-07,21.4,81,1015.1,18.4,0.0,0
2022-09-08,21.15,70,1013.1,14.4,0.0,0
2022-09-09,19.700000000000003,74,1017.7,7.6,0.0,0
2022-09-10,22.2,69,1023.0,7.2,0.0,0
2022-09-11,22.5,81,1019.8,7.6,1.8,0
2022-09-12,23.6,89,1010.8,8.3,3.3,0
2022-09-13,23.9,83,1007.7,13.0,16.0,0
2022-09-14,21.4,62,1013.3,13.7,0.0,0
2022-09-15,17.5,52,1019.7,16.9,0.0,0
2022-09-16,16.95,57,1021.6,7.6,0.0,0
2022-09-17,18.6,66,1023.8,10.8,0.0,0
2022-09-18,22.75,77,1017.8,16.9,0.0,0
2022-09-19,23.05,73,1012.6,13.3,0.3,0
2022-09-20,22.75,71,1011.5,10.8,0.0,0
2022-09-21,20.55,71,1012.8,13.0,0.0,0
2022-09-22,19.7,84,1003.8,19.8,18.0,0
2022-09-23,14.15,48,1011.2,32.0,0.0,0
2022-09-24,13.9,55,1014.1,15.1,0.0,0
2022-09-25,17.5,76,1007.0,15.1,17.0,0
2022-09-26,18.35,76,1005.8,17.6,0.0,0
2022-09-27,16.7,59,1011.0,13.0,0.0,0
2022-09-28,16.1,68,1018.8,12.6,0.0,0
2022-09-29,16.4,64,1026.3,16.9,0.0,0
2022-09-30,15.0,69,1024.8,14.4,0.0,0
2022-10-01,13.6,88,1016.4,25.9,13.2,0
2022-10-02,13.1,68,1017.9,33.5,0.5,0
2022-10-03,10.55,76,1021.5,29.2,15.5,0
2022-10-04,12.2,94,1014.2,32.0,27.2,1
2022-10-05,14.7,95,1012.3,17.6,21.8,1
2022-10-06,19.15,76,1014.1,7.2,0.0,0
2022-10-07,19.700000000000003,73,1014.2,12.2,0.0,0
2022-10-08,10.6,65,1019.9,11.9,1.3,0
2022-10-09,10.55,64,1020.2,9.7,0.0,0
2022-10-10,13.05,67,1022.2,9.4,0.0,0
2022-10-11,14.45,74,1025.2,6.1,0.0,0
2022-10-12,14.7,76,1022.7,9.4,0.0,0
2022-10-13,19.45,90,1012.4,21.6,10.9,0
2022-10-14,14.4,85,1011.6,13.0,5.6,0
2022-10-15,14.2,75,1016.3,9.0,0.0,0
2022-10-16,14.45,76,1013.5,5.0,0.0,0
2022-10-17,14.75,87,1005.8,10.8,5.8,0
2022-10-18,10.3,64,1003.8,10.1,0.0,0
2022-10-19,7.800000000000001,63,1010.1,13.3,0.0,0
2022-10-20,9.7,56,1015.3,16.9,0.0,0
2022-10-21,10.85,70,1019.9,4.0,0.0,0
2022-10-22,11.95,78,1024.6,5.4,0.0,0
2022-10-23,13.9,83,1024.2,18.4,2.8,0
2022-10-24,14.75,99,1021.0,12.2,30.0,1
2022-10-25,21.1,95,1018.5,11.9,0.0,0
2022-10-26,18.9,96,1010.1,7.9,0.0,0
2022-10-27,14.75,64,1018.3,18.4,0.0,0
2022-10-28,10.55,63,1032.1,13.7,0.0,0
2022-10-29,9.75,77,1030.4,9.4,0.0,0
2022-10-30,10.55,79,1023.5,2.2,0.0,0
2022-10-31,14.75,85,1018.0,7.2,1.3,0
2022-11-01,16.4,93,1016.2,10.1,5.3,0
2022-11-02,15.0,70,1024.3,10.8,0.0,0
2022-11-03,12.5,79,1028.5,5.4,0.0,0
2022-11-04,14.7,87,1027.3,7.6,0.0,0
2022-11-05,20.0,86,1024.2,15.5,0.0,0
2022-11-06,20.8,87,1023.1,18.7,0.0,0
2022-11-07,19.2,58,1022.0,19.8,0.0,0
2022-11-08,11.1,40,1032.9,22.0,0.0,0
2022-11-09,8.05,63,1036.1,8.6,0.0,0
2022-11-10,11.1,83,1027.6,9.0,0.0,0
2022-11-11,15.0,92,1014.8,16.9,12.2,0
2022-11-12,17.5,82,1002.8,19.1,1.0,0
2022-11-13,10.0,71,1011.5,19.8,3.6,0
2022-11-14,4.75,58,1025.6,13.0,0.0,0
2022-11-15,3.3500000000000005,74,1028.3,12.2,8.6,0
2022-11-16,7.75,80,1011.8,21.6,5.3,0
2022-11-17,5.550000000000001,55,1013.7,19.1,0.0,0
2022-11-18,3.1,56,1018.9,17.6,0.0,0
2022-11-19,1.15,58,1021.0,10.8,0.0,0
2022-11-20,0.5999999999999999,41,1019.6,25.2,0.0,0
2022-11-21,0.0499999999999998,50,1028.2,20.5,0.0,0
2022-11-22,4.8,58,1025.3,11.2,0.0,0
2022-11-23,6.15,55,1023.4,8.3,0.0,0
2022-11-24,5.3,77,1027.0,6.1,0.0,0
2022-11-25,7.800000000000001,75,1012.7,16.9,0.5,0
2022-11-26,7.5,51,1014.9,15.5,0.0,0
2022-11-27,9.45,80,1005.6,14.8,13.7,0
2022-11-28,8.850000000000001,66,1006.0,19.8,0.0,0
2022-11-29,3.65,69,1024.2,6.5,0.0,0
2022-11-30,8.05,82,1013.5,22.3,13.2,0
2022-12-01,2.55,48,1022.8,20.9,0.0,0
2022-12-02,2.5500000000000003,71,1032.5,6.5,0.0,0
2022-12-03,10.8,83,1019.9,24.5,11.4,0
2022-12-04,2.55,55,1021.6,12.2,0.0,0
2022-12-05,2.8000000000000003,77,1024.9,5.0,0.0,0
2022-12-06,7.5,89,1026.4,15.5,11.9,0
2022-12-07,12.8,99,1021.0,15.5,33.8,1
2022-12-08,8.899999999999999,65,1021.8,20.5,0.0,0
2022-12-09,4.75,57,1024.4,20.5,0.0,0
2022-12-10,2.5,65,1027.8,18.4,0.0,0
2022-12-11,2.75,83,1022.4,18.4,3.0,0
2022-12-12,1.15,79,1020.8,18.7,1.3,0
2022-12-13,1.4499999999999995,57,1022.8,16.6,0.0,0
2022-12-14,1.15,59,1019.5,22.7,0.0,0
2022-12-15,2.8,82,1020.7,16.2,11.9,0
2022-12-16,5.800000000000001,96,1002.8,28.4,16.3,0
2022-12-17,4.45,65,1005.8,19.4,0.3,0
2022-12-18,1.45,61,1012.9,14.8,0.0,0
2022-12-19,1.15,60,1021.5,19.1,0.0,0
2022-12-20,1.15,58,1027.8,18.7,0.0,0
2022-12-21,-0.25,71,1031.9,5.4,0.0,0
2022-12-22,5.050000000000001,87,1024.2,18.0,6.1,0
2022-12-23,1.1500000000000004,78,993.7,38.5,3.8,0
2022-12-24,-11.0,47,1008.5,26.6,0.0,0
2022-12-25,-6.0,51,1013.5,20.2,0.0,0
2022-12-26,-4.35,54,1022.0,11.9,0.0,0
2022-12-27,-1.0499999999999998,50,1024.7,10.4,0.0,0
2022-12-28,1.75,72,1026.1,10.4,0.0,0
2022-12-29,3.95,78,1025.8,9.4,0.0,0
2022-12-30,6.4,85,1024.8,7.6,0.0,0
2022-12-31,7.5,100,1015.5,5.4,12.4,0
2023-01-01,7.5,76,1012.1,14.0,1.3,0
2023-01-02,6.949999999999999,81,1019.6,4.7,0.0,0
2023-01-03,10.0,94,1014.5,12.6,9.9,0
2023-01-04,13.85,92,1010.5,10.1,0.8,0
2023-01-05,8.6,96,1013.8,10.4,0.5,0
2023-01-06,6.3500000000000005,89,1015.6,9.4,4.1,0
2023-01-07,4.7,72,1020.2,11.9,0.0,0
2023-01-08,1.45,65,1024.1,8.6,0.0,0
2023-01-09,3.1,71,1013.9,10.1,0.3,0
2023-01-10,2.0,65,1016.6,10.4,0.0,0
2023-01-11,2.8,59,1023.5,11.2,0.0,0
2023-01-12,8.05,86,1017.5,19.1,7.9,0
2023-01-13,8.35,86,1002.2,25.2,5.1,0
2023-01-14,1.15,73,1008.2,28.8,0.0,0
2023-01-15,2.3,58,1013.5,29.5,0.0,0
2023-01-16,2.85,54,1010.4,23.8,0.0,0
2023-01-17,2.0,58,1005.8,9.7,0.3,0
2023-01-18,7.800000000000001,66,1008.5,20.9,0.3,0
2023-01-19,4.45,92,1011.5,11.5,26.9,1
2023-01-20,6.65,75,1005.0,16.9,0.0,0
2023-01-21,3.0500000000000003,66,1019.3,12.2,0.0,0
2023-01-22,3.05,76,1018.2,6.8,16.8,0
2023-01-23,3.0500000000000003,91,1002.9,22.3,14.0,0
2023-01-24,4.7,54,1019.6,20.9,0.0,0
2023-01-25,5.050000000000001,82,1019.2,16.6,28.2,1
2023-01-26,8.35,67,1002.8,27.7,8.4,0
2023-01-27,2.3,63,1018.6,9.7,0.3,0
2023-01-28,3.95,58,1023.9,16.2,0.0,0
2023-01-29,4.2,81,1023.1,13.0,0.0,0
2023-01-30,6.65,81,1020.2,7.9,0.0,0
2023-01-31,2.8,75,1021.4,13.7,1.5,0
2023-02-01,-0.2000000000000001,60,1023.8,13.3,1.0,0
2023-02-02,-1.1,57,1018.8,12.2,0.0,0
2023-02-03,-5.5,43,1015.8,34.6,0.0,0
2023-02-04,-9.05,45,1033.6,19.8,0.0,0
2023-02-05,2.3,64,1021.6,20.2,0.0,0
2023-02-06,5.35,70,1016.2,18.7,0.0,0
2023-02-07,1.15,65,1024.8,13.7,1.8,0
2023-02-08,5.55,69,1021.8,13.7,0.3,0
2023-02-09,4.5,85,1020.6,11.5,0.0,0
2023-02-10,11.95,61,1011.5,23.0,0.0,0
2023-02-11,3.1,47,1023.0,18.4,0.0,0
2023-02-12,2.8000000000000003,65,1017.1,6.5,3.0,0
2023-02-13,8.05,57,1002.0,18.4,0.8,0
2023-02-14,6.699999999999999,49,1016.1,15.5,0.0,0
2023-02-15,8.05,77,1017.2,19.1,0.0,0
2023-02-16,14.2,77,1014.5,8.3,1.3,0
2023-02-17,6.7,88,1005.3,21.6,7.9,0
2023-02-18,1.1999999999999995,51,1024.7,18.7,0.0,0
2023-02-19,4.45,75,1023.8,12.2,0.0,0
2023-02-20,11.4,79,1006.5,13.7,0.0,0
2023-02-21,5.25,84,1004.7,14.0,7.4,0
2023-02-22,2.8,76,1018.2,7.9,2.8,0
2023-02-23,4.75,94,1012.9,15.1,0.8,0
2023-02-24,2.2500000000000004,60,1022.7,23.4,0.3,0
2023-02-25,-3.5,60,1028.5,7.6,0.0,0
2023-02-26,-0.5,85,1012.7,9.4,0.0,0
2023-02-27,1.15,65,1013.3,15.8,2.5,0
2023-02-28,1.4,96,1007.8,15.5,11.4,0
2023-03-01,0.8999999999999999,84,1018.5,11.5,0.3,0
2023-03-02,7.199999999999999,79,1006.1,15.8,0.0,0
2023-03-03,3.1000000000000005,66,1015.0,15.8,2.0,0
2023-03-04,5.0,83,1002.2,25.6,22.9,1
2023-03-05,6.15,64,1018.8,13.7,0.0,0
2023-03-06,6.65,48,1017.0,18.0,0.0,0
2023-03-07,4.45,54,1009.7,26.3,0.5,0
2023-03-08,2.55,56,1018.7,31.3,0.0,0
2023-03-09,5.3,56,1020.4,24.1,0.0,0
2023-03-10,3.65,79,1014.1,12.6,6.6,0
2023-03-11,4.2,80,1007.6,20.5,5.6,0
2023-03-12,3.4,68,1015.9,13.0,0.0,0
2023-03-13,5.800000000000001,86,1011.5,20.2,30.5,1
2023-03-14,3.1,93,997.6,32.4,15.0,0
2023-03-15,4.45,57,1006.4,33.5,0.0,0
2023-03-16,6.7,49,1015.4,14.0,0.0,0
2023-03-17,7.25,77,1006.8,13.3,0.0,0
2023-03-18,8.649999999999999,60,1005.0,17.6,1.0,0
2023-03-19,2.3,36,1015.2,23.4,0.0,0
2023-03-20,2.3,56,1024.6,13.7,0.0,0
2023-03-21,7.5,51,1027.0,15.8,0.0,0
2023-03-22,6.7,73,1026.9,12.2,0.0,0
2023-03-23,10.3,94,1013.7,12.6,2.8,0
2023-03-24,8.6,58,1013.8,13.7,0.0,0
2023-03-25,5.25,84,1013.8,21.2,5.6,0
2023-03-26,10.55,59,1011.2,14.4,0.0,0
2023-03-27,7.5,58,1016.0,13.7,3.8,0
2023-03-28,6.15,79,1017.6,10.1,0.5,0
2023-03-29,5.85,60,1019.2,14.8,0.0,0
2023-03-30,3.35,43,1023.5,21.6,0.3,0
2023-03-31,3.95,67,1022.8,12.6,0.0,0
2023-04-01,12.5,92,1000.5,22.7,11.9,0
2023-04-02,5.6,41,1010.5,24.8,1.0,0
2023-04-03,5.05,63,1019.5,16.2,0.0,0
2023-04-04,11.95,85,1017.7,11.9,0.0,0
2023-04-05,10.55,96,1022.8,16.9,0.0,0
2023-04-06,18.1,85,1019.8,11.5,1.8,0
2023-04-07,9.45,39,1025.3,19.1,0.3,0
2023-04-08,6.4,44,1031.5,12.6,0.0,0
2023-04-09,5.85,60,1032.4,13.0,0.0,0
2023-04-10,7.8,63,1029.6,12.2,0.0,0
2023-04-11,12.5,54,1018.8,13.7,0.0,0
2023-04-12,20.55,36,1009.8,17.6,0.0,0
2023-04-13,20.55,50,1010.5,13.3,0.0,0
2023-04-14,20.3,56,1011.4,10.8,0.0,0
2023-04-15,16.1,96,1012.8,9.4,0.5,0
2023-04-16,15.0,93,1010.0,9.4,0.0,0
2023-04-17,14.7,86,1002.8,13.7,0.0,0
2023-04-18,11.4,42,1007.6,23.8,0.0,0
2023-04-19,9.45,53,1017.0,13.3,0.0,0
2023-04-20,10.6,59,1022.1,9.7,0.0,0
2023-04-21,13.05,68,1018.9,16.2,0.0,0
2023-04-22,14.2,89,1014.6,20.5,0.0,0
2023-04-23,14.4,84,1011.1,15.8,25.9,1
2023-04-24,10.55,69,1016.7,12.2,0.0,0
2023-04-25,9.45,66,1020.6,7.9,0.0,0
2023-04-26,7.800000000000001,80,1023.2,12.6,0.0,0
2023-04-27,9.2,81,1023.0,10.4,0.0,0
2023-04-28,9.2,79,1021.0,15.8,3.0,0
2023-04-29,10.25,94,1012.6,28.8,45.0,1
2023-04-30,12.8,100,999.0,18.7,12.7,0
2023-05-01,13.35,72,992.2,25.2,0.3,0
2023-05-02,10.55,69,995.9,15.5,1.5,0
2023-05-03,9.45,69,999.1,12.2,0.0,0
2023-05-04,10.55,77,1010.8,11.9,1.3,0
2023-05-05,10.85,78,1021.7,10.4,0.0,0
2023-05-06,15.0,62,1022.0,13.0,0.0,0
2023-05-07,16.65,57,1014.7,15.5,0.8,0
2023-05-08,18.9,59,1008.0,16.9,0.3,0
2023-05-09,13.3,46,1014.8,10.8,0.0,0
2023-05-10,12.5,65,1020.0,11.5,0.0,0
2023-05-11,16.7,60,1018.5,11.5,0.0,0
2023-05-12,21.1,58,1016.8,13.0,0.0,0
2023-05-13,21.4,56,1015.5,9.0,0.0,0
2023-05-14,16.95,38,1021.0,16.6,0.0,0
2023-05-15,15.0,52,1020.7,15.1,0.0,0
2023-05-16,17.5,59,1006.2,18.4,0.0,0
2023-05-17,13.35,43,1008.1,24.8,0.0,0
2023-05-18,8.6,48,1025.8,12.6,0.0,0
2023-05-19,15.0,66,1026.8,18.0,0.0,0
2023-05-20,16.1,96,1017.3,14.8,43.9,1
2023-05-21,17.5,69,1013.2,15.8,0.0,0
2023-05-22,17.5,72,1021.3,13.7,0.0,0
2023-05-23,13.85,68,1026.1,11.2,0.0,0
2023-05-24,14.45,56,1017.5,11.2,0.5,0
2023-05-25,14.4,52,1019.4,20.5,0.0,0
2023-05-26,15.55,51,1024.1,11.9,0.0,0
2023-05-27,16.4,55,1025.4,9.7,0.0,0
2023-05-28,16.65,57,1020.0,10.1,0.0,0
2023-05-29,18.35,60,1017.4,16.9,0.0,0
2023-05-30,14.15,70,1022.6,13.7,0.0,0
2023-05-31,16.1,80,1022.2,7.2,0.0,0
2023-06-01,18.6,75,1018.5,7.6,0.0,0
2023-06-02,20.85,67,1012.9,8.3,0.0,0
2023-06-03,15.0,74,1015.5,20.9,0.0,0
2023-06-04,13.35,64,1016.1,15.5,0.0,0
2023-06-05,16.65,63,1011.0,14.0,0.0,0
2023-06-06,19.15,65,1004.1,12.2,0.5,0
2023-06-07,15.55,58,1002.9,13.3,0.0,0
2023-06-08,15.25,65,1005.4,6.8,0.0,0
2023-06-09,18.05,68,1006.6,11.2,0.8,0
2023-06-10,18.6,70,1008.3,13.0,0.0,0
2023-06-11,21.15,72,1011.6,10.8,0.0,0
2023-06-12,21.35,85,1008.0,18.4,15.0,0
2023-06-13,21.4,73,1004.1,12.2,0.0,0
2023-06-14,18.9,86,1001.7,12.2,6.6,0
2023-06-15,20.0,63,1002.6,14.0,0.0,0
2023-06-16,20.25,76,1006.2,6.1,6.6,0
2023-06-17,20.6,71,1004.3,16.9,0.5,0
2023-06-18,20.85,65,1010.1,11.9,0.0,0
2023-06-19,20.85,76,1017.5,13.7,0.0,0
2023-06-20,19.15,72,1022.7,14.0,0.0,0
2023-06-21,18.05,70,1024.5,20.2,0.0,0
2023-06-22,18.35,78,1020.8,18.7,0.3,0
2023-06-23,19.450000000000003,92,1017.2,10.8,5.6,0
2023-06-24,21.65,96,1011.5,13.0,3.8,0
2023-06-25,23.05,89,1010.2,9.4,0.0,0
2023-06-26,23.35,89,1008.6,13.7,3.0,0
2023-06-27,22.5,88,1006.6,16.9,4.3,0
2023-06-28,23.9,84,1009.5,9.4,1.3,0
2023-06-29,22.25,77,1015.8,10.8,0.0,0
2023-06-30,23.3,80,1017.8,8.3,0.0,0
2023-07-01,21.95,75,1017.2,10.1,0.0,0
2023-07-02,24.75,89,1012.0,15.8,4.3,0
2023-07-03,26.700000000000003,79,1010.3,13.0,0.0,0
2023-07-04,25.0,86,1012.3,7.2,0.8,0
2023-07-05,25.55,80,1014.7,8.3,0.0,0
2023-07-06,25.85,79,1014.1,10.8,0.0,0
2023-07-07,25.0,83,1011.6,9.0,0.0,0
2023-07-08,25.55,84,1011.0,7.9,0.0,0
2023-07-09,24.75,90,1010.3,13.7,4.8,0
2023-07-10,25.0,78,1007.7,14.0,9.4,0
2023-07-11,24.15,60,1011.6,11.9,0.0,0
2023-07-12,26.95,66,1013.0,10.8,0.0,0
2023-07-13,25.8,83,1011.8,18.0,0.0,0
2023-07-14,24.75,89,1012.6,17.6,15.0,0
2023-07-15,26.9,88,1014.1,14.0,0.0,0
2023-07-16,24.75,96,1010.6,15.5,118.1,1
2023-07-17,26.65,85,1013.0,10.8,0.0,0
2023-07-18,25.0,90,1014.3,11.9,10.4,0
2023-07-19,23.9,82,1016.2,7.9,0.0,0
2023-07-20,25.0,74,1014.8,10.4,0.0,0
2023-07-21,24.45,88,1008.2,12.6,1.0,0
2023-07-22,24.75,66,1008.7,11.9,0.0,0
2023-07-23,25.0,61,1014.4,11.2,0.0,0
2023-07-24,24.700000000000003,69,1019.0,13.0,0.0,0
2023-07-25,24.75,84,1018.2,11.2,7.4,0
2023-07-26,24.7,77,1018.5,11.2,0.0,0
2023-07-27,27.2,85,1014.5,21.2,8.1,0
2023-07-28,27.25,79,1014.8,10.8,0.0,0
2023-07-29,25.85,78,1008.3,17.6,3.3,0
2023-07-30,21.15,60,1012.6,15.1,0.0,0
2023-07-31,22.200000000000003,64,1014.9,10.1,0.0,0
2023-08-01,21.950000000000003,54,1019.4,12.6,0.0,0
2023-08-02,21.1,56,1022.4,11.5,0.0,0
2023-08-03,20.0,63,1019.7,15.8,0.0,0
2023-08-04,23.35,76,1014.9,19.8,3.0,0
2023-08-05,25.0,68,1014.2,10.1,0.0,0
2023-08-06,23.3,68,1016.2,11.5,0.0,0
2023-08-07,23.9,90,1012.3,18.4,29.2,1
2023-08-08,25.25,74,1003.6,19.1,1.0,0
2023-08-09,25.0,55,1005.9,17.6,0.0,0
2023-08-10,22.5,85,1005.5,9.4,6.9,0
2023-08-11,23.6,77,1008.0,10.8,0.0,0
2023-08-12,23.05,81,1012.4,11.9,0.0,0
2023-08-13,25.55,73,1011.7,11.9,32.5,1
2023-08-14,24.4,70,1014.2,7.6,0.0,0
2023-08-15,23.65,88,1008.8,12.2,30.0,1
2023-08-16,23.35,87,1013.2,10.8,9.1,0
2023-08-17,22.5,90,1014.1,12.2,0.0,0
2023-08-18,23.05,70,1007.3,17.3,2.0,0
2023-08-19,20.6,58,1014.5,13.7,0.0,0
2023-08-20,21.7,68,1018.5,10.4,0.0,0
2023-08-21,25.3,74,1016.8,9.0,0.0,0
2023-08-22,21.700000000000003,62,1017.8,16.9,0.0,0
2023-08-23,20.0,63,1019.6,11.5,0.0,0
2023-08-24,20.55,72,1018.1,14.4,0.0,0
2023-08-25,22.5,89,1012.5,16.6,8.4,0
2023-08-26,25.25,83,1010.2,7.9,3.6,0
2023-08-27,24.15,77,1013.1,11.2,0.0,0
2023-08-28,21.1,86,1017.2,10.8,0.0,0
2023-08-29,22.5,89,1013.7,7.6,0.3,0
2023-08-30,23.9,80,1006.4,12.6,3.3,0
2023-08-31,21.1,56,1013.5,20.5,0.0,0
2023-09-01,18.6,58,1024.2,10.8,0.0,0
2023-09-02,18.35,73,1021.6,11.9,0.0,0
2023-09-03,23.6,76,1013.7,9.0,0.0,0
2023-09-04,26.1,75,1011.3,6.1,0.0,0
2023-09-05,27.5,76,1012.7,8.6,0.0,0
2023-09-06,28.3,74,1010.2,10.4,0.0,0
2023-09-07,28.05,76,1009.7,10.1,0.0,0
2023-09-08,26.95,90,1014.2,14.8,0.0,0
2023-09-09,26.65,89,1018.5,12.2,0.0,0
2023-09-10,24.75,90,1018.9,10.8,7.1,0
2023-09-11,23.9,92,1015.7,7.9,30.2,1
2023-09-12,24.450000000000003,85,1015.3,6.8,0.0,0
2023-09-13,23.05,84,1013.3,9.0,0.0,0
2023-09-14,20.85,65,1016.3,15.8,0.0,0
2023-09-15,18.65,66,1016.0,24.1,0.0,0
2023-09-16,18.35,57,1011.6,16.2,0.0,0
2023-09-17,16.65,71,1013.7,10.1,0.0,0
2023-09-18,18.65,93,1008.1,11.5,34.0,1
2023-09-19,18.3,71,1013.1,15.1,0.0,0
2023-09-20,17.2,68,1020.2,7.9,0.0,0
2023-09-21,17.2,70,1024.2,8.6,0.0,0
2023-09-22,17.5,73,1027.0,14.8,0.0,0
2023-09-23,15.8,90,1020.2,25.9,8.1,0
2023-09-24,17.25,97,1016.0,20.5,18.8,0
2023-09-25,15.8,95,1017.8,22.7,9.7,0
2023-09-26,13.9,84,1026.1,17.3,2.5,0
2023-09-27,15.25,74,1026.4,13.7,0.0,0
2023-09-28,16.4,80,1024.4,16.2,1.3,0
2023-09-29,15.55,97,1021.1,22.7,54.6,1
2023-09-30,15.55,92,1020.6,18.0,5.8,0
2023-10-01,18.85,80,1020.8,13.0,0.0,0
2023-10-02,19.15,77,1021.6,9.4,0.0,0
2023-10-03,18.1,81,1021.3,7.2,0.0,0
2023-10-04,21.65,83,1022.1,5.0,0.0,0
2023-10-05,18.05,87,1023.1,8.3,0.0,0
2023-10-06,21.1,92,1016.7,11.9,0.0,0
2023-10-07,15.85,95,1005.7,17.3,10.7,0
2023-10-08,13.05,65,1004.1,16.9,0.0,0
2023-10-09,11.7,63,1008.6,12.2,0.0,0
2023-10-10,13.9,71,1010.0,8.3,0.5,0
2023-10-11,15.0,78,1011.1,6.5,0.0,0
2023-10-12,15.55,80,1011.9,6.1,0.0,0
2023-10-13,13.3,63,1014.0,14.4,0.0,0
2023-10-14,11.35,87,1008.8,7.6,7.1,0
2023-10-15,12.8,69,998.7,18.4,0.3,0
2023-10-16,12.5,74,1002.7,14.0,0.0,0
2023-10-17,13.6,76,1012.7,7.2,0.0,0
2023-10-18,13.3,84,1020.3,2.9,0.0,0
2023-10-19,12.75,79,1019.8,8.3,0.0,0
2023-10-20,16.1,90,1007.6,14.4,22.4,1
2023-10-21,14.75,85,992.4,17.3,3.8,0
2023-10-22,11.4,62,1003.1,24.1,0.0,0
2023-10-23,10.85,68,1019.0,15.8,0.0,0
2023-10-24,10.8,81,1027.2,9.0,0.0,0
2023-10-25,13.85,81,1025.2,12.2,0.0,0
2023-10-26,17.2,76,1022.8,5.0,0.0,0
2023-10-27,17.5,84,1019.0,7.6,0.0,0
2023-10-28,20.8,72,1015.9,11.5,0.0,0
2023-10-29,13.9,82,1018.5,13.7,2.8,0
2023-10-30,13.6,93,1009.5,12.2,11.2,0
2023-10-31,8.899999999999999,59,1017.3,12.2,0.0,0
2023-11-01,5.550000000000001,75,1017.1,15.1,2.5,0
2023-11-02,3.95,62,1030.4,3.2,0.0,0
2023-11-03,6.65,67,1030.6,11.2,0.0,0
2023-11-04,9.45,77,1022.7,6.1,0.0,0
2023-11-05,11.65,69,1017.2,7.6,0.0,0
2023-11-06,9.7,72,1019.2,7.9,0.0,0
2023-11-07,15.0,70,1008.9,16.9,0.3,0
2023-11-08,8.3,50,1017.2,18.4,0.0,0
2023-11-09,8.9,79,1013.0,7.6,0.0,0
2023-11-10,7.75,74,1018.8,9.4,0.0,0
2023-11-11,6.949999999999999,63,1025.9,11.9,0.0,0
2023-11-12,2.3,71,1031.2,9.0,0.0,0
2023-11-13,2.8000000000000003,77,1025.4,4.0,0.0,0
2023-11-14,6.7,63,1024.2,15.1,0.0,0
2023-11-15,5.05,72,1028.5,9.4,0.0,0
2023-11-16,10.55,76,1023.3,6.5,0.0,0
2023-11-17,10.8,88,1016.2,10.1,0.0,0
2023-11-18,8.05,68,1007.2,16.6,1.0,0
2023-11-19,6.15,58,1013.4,12.2,0.0,0
2023-11-20,3.35,50,1027.5,13.0,0.0,0
2023-11-21,2.85,69,1029.7,20.5,9.4,0
2023-11-22,10.8,92,1005.7,24.8,31.8,1
2023-11-23,6.65,70,1010.4,16.6,0.0,0
2023-11-24,5.55,58,1020.0,18.4,0.0,0
2023-11-25,0.0500000000000002,56,1028.7,9.4,0.0,0
2023-11-26,3.7,80,1019.6,18.7,5.1,0
2023-11-27,7.800000000000001,69,1005.7,19.8,1.0,0
2023-11-28,2.25,45,1011.0,23.4,0.0,0
2023-11-29,0.05,49,1018.4,16.6,0.0,0
2023-11-30,3.35,56,1020.3,15.5,0.0,0
2023-12-01,7.25,82,1020.0,10.8,9.1,0
2023-12-02,11.1,96,1016.2,9.0,0.0,0
2023-12-03,8.9,98,1008.9,14.8,18.5,0
2023-12-04,8.600000000000001,75,1007.9,14.4,0.0,0
2023-12-05,4.699999999999999,60,1015.5,13.0,0.0,0
2023-12-06,3.1,62,1015.0,17.6,0.0,0
2023-12-07,0.05,70,1016.3,11.2,0.0,0
2023-12-08,3.1,80,1021.6,5.8,0.0,0
2023-12-09,7.5,92,1022.2,7.2,0.0,0
2023-12-10,11.4,98,1012.6,18.0,40.4,1
2023-12-11,8.35,73,1009.2,27.7,25.1,1
2023-12-12,2.85,58,1027.9,15.5,0.0,0
2023-12-13,4.15,53,1030.8,17.3,0.0,0
2023-12-14,0.05,53,1035.7,11.2,0.0,0
2023-12-15,6.65,56,1027.0,12.6,0.0,0
2023-12-16,5.85,70,1031.4,10.8,0.0,0
2023-12-17,10.8,92,1021.9,23.0,3.8,0
2023-12-18,10.0,87,992.8,33.8,41.9,1
2023-12-19,3.9,60,1014.3,18.7,0.0,0
2023-12-20,2.85,57,1026.2,23.4,0.0,0
2023-12-21,1.45,54,1029.0,20.5,0.0,0
2023-12-22,-0.75,52,1031.6,6.1,0.0,0
2023-12-23,0.2999999999999998,74,1031.7,5.4,0.0,0
2023-12-24,6.95,89,1029.5,4.7,0.0,0
2023-12-25,7.25,96,1029.9,7.6,0.0,0
2023-12-26,4.15,99,1025.7,4.3,0.0,0
2023-12-27,7.8,97,1017.6,6.8,1.3,0
2023-12-28,10.25,98,1005.3,20.9,77.2,1
2023-12-29,9.45,88,1004.0,9.4,0.0,0
2023-12-30,5.55,70,1003.6,16.9,0.0,0
2023-12-31,3.35,58,1014.2,10.8,0.0,0
2024-01-01,4.75,73,1016.6,6.1,0.5,0
